{"Barbos Viorel": [-0.09616267, -0.00624106, -0.03338447,  0.0288622 , -0.06594222,
       -0.03975108,  0.000466  , -0.12227704,  0.17933093, -0.03787563,
        0.23224175, -0.05447878, -0.27708477, -0.05484511, -0.08397739,
        0.10758837, -0.14711143, -0.15248501, -0.01133695, -0.06671029,
        0.04631271, -0.04175555, -0.01802159,  0.07663868, -0.05430523,
       -0.32125404, -0.05303818, -0.12149794,  0.10887364, -0.02386988,
       -0.01629943,  0.08163154, -0.10169466, -0.0277013 ,  0.05837578,
        0.06273378, -0.04428221, -0.02456012,  0.28107274,  0.04343124,
       -0.11441653, -0.05418564, -0.02742977,  0.27708745,  0.07312145,
        0.07322006,  0.07058087, -0.08595768,  0.06909733, -0.24582674,
        0.01156773,  0.24143159,  0.09180512,  0.05912003,  0.04285756,
       -0.27925003, -0.02501676,  0.12602767, -0.21097188,  0.16379187,
        0.01885142, -0.03252726,  0.01290968, -0.06461012,  0.24247597,
        0.10375826, -0.12419488, -0.12160055,  0.22042395, -0.17809704,
       -0.029747  ,  0.0466942 , -0.1202288 , -0.22601345, -0.20993385,
        0.02046717,  0.3797105 ,  0.14168471, -0.12473051, -0.01701081,
       -0.07107785, -0.05956383,  0.05454027,  0.0406273 , -0.09660473,
       -0.02629758, -0.12514687, -0.08082758,  0.14200334,  0.02739012,
       -0.00338999,  0.20854422, -0.02594478,  0.05125844,  0.01615063,
        0.04389861, -0.11461226,  0.01700094, -0.08363941, -0.03578916,
       -0.03473929, -0.13766623,  0.10421791,  0.08056056, -0.13908993,
        0.08280301, -0.05969123,  0.009347  , -0.0672034 ,  0.05521941,
       -0.09216762, -0.02241313,  0.18008146, -0.2522876 ,  0.2364331 ,
        0.19937481,  0.14075968,  0.15219076,  0.03262212,  0.0450605 ,
       -0.00998215, -0.04557842, -0.15559942, -0.04390133, -0.08474416,
       -0.04086702, -0.04273101,  0.05488766], "Sofron Vasile": [-0.16308872,  0.13679262,  0.00422677, -0.01217769, -0.05295916,
        0.07623662, -0.02903953, -0.1030596 ,  0.15415394, -0.03448129,
        0.23732829,  0.00348469, -0.30453146, -0.00446688,  0.00362438,
        0.12099845, -0.12361152, -0.09844381, -0.20192561, -0.11961337,
        0.0513615 ,  0.13720343,  0.04339087, -0.00941062, -0.15269612,
       -0.33668306, -0.05311628, -0.08772126,  0.03534368, -0.10855419,
        0.08722425,  0.00270273, -0.09412809,  0.02526804,  0.02250651,
        0.05216221, -0.12100644, -0.07582859,  0.27840599,  0.01601818,
       -0.1600021 , -0.00290054,  0.03147239,  0.30602762,  0.15413971,
        0.00831195,  0.04308208, -0.10985003,  0.01030445, -0.28800461,
        0.09440277,  0.18047775,  0.04930852,  0.11352074,  0.13756308,
       -0.1385462 , -0.05373501,  0.17450412, -0.19057992,  0.07498071,
        0.03021924, -0.06500219, -0.09805079, -0.13759679,  0.20564544,
        0.1625566 , -0.15072194, -0.14573121,  0.19296855, -0.13776313,
       -0.14657861,  0.09669788, -0.08766238, -0.22893248, -0.28020748,
        0.07276079,  0.41059425,  0.13013479, -0.21933284, -0.01964413,
        0.0028344 , -0.08180458,  0.04033564,  0.09319168, -0.09807855,
       -0.07411607, -0.01811192,  0.03144631,  0.19892818,  0.01238639,
       -0.07083424,  0.26260942,  0.06729474, -0.05005866,  0.05925219,
        0.09899089, -0.04389955, -0.05115747, -0.11223579, -0.03205917,
        0.08856281, -0.11328711,  0.01957251,  0.10914095, -0.14956963,
        0.26379579,  0.0197912 , -0.04311996,  0.05124624,  0.01736416,
       -0.07329535,  0.0037996 ,  0.24491303, -0.3023361 ,  0.1976224 ,
        0.18711475,  0.04093267,  0.1583212 ,  0.03556868,  0.13722581,
       -0.00175775,  0.05981763, -0.23974617, -0.10899094,  0.01259859,
        0.00439924, -0.03097801,  0.09454768] }