{"Barbos Viorel": [-0.09616267, -0.00624106, -0.03338447,  0.0288622 , -0.06594222,
       -0.03975108,  0.000466  , -0.12227704,  0.17933093, -0.03787563,
        0.23224175, -0.05447878, -0.27708477, -0.05484511, -0.08397739,
        0.10758837, -0.14711143, -0.15248501, -0.01133695, -0.06671029,
        0.04631271, -0.04175555, -0.01802159,  0.07663868, -0.05430523,
       -0.32125404, -0.05303818, -0.12149794,  0.10887364, -0.02386988,
       -0.01629943,  0.08163154, -0.10169466, -0.0277013 ,  0.05837578,
        0.06273378, -0.04428221, -0.02456012,  0.28107274,  0.04343124,
       -0.11441653, -0.05418564, -0.02742977,  0.27708745,  0.07312145,
        0.07322006,  0.07058087, -0.08595768,  0.06909733, -0.24582674,
        0.01156773,  0.24143159,  0.09180512,  0.05912003,  0.04285756,
       -0.27925003, -0.02501676,  0.12602767, -0.21097188,  0.16379187,
        0.01885142, -0.03252726,  0.01290968, -0.06461012,  0.24247597,
        0.10375826, -0.12419488, -0.12160055,  0.22042395, -0.17809704,
       -0.029747  ,  0.0466942 , -0.1202288 , -0.22601345, -0.20993385,
        0.02046717,  0.3797105 ,  0.14168471, -0.12473051, -0.01701081,
       -0.07107785, -0.05956383,  0.05454027,  0.0406273 , -0.09660473,
       -0.02629758, -0.12514687, -0.08082758,  0.14200334,  0.02739012,
       -0.00338999,  0.20854422, -0.02594478,  0.05125844,  0.01615063,
        0.04389861, -0.11461226,  0.01700094, -0.08363941, -0.03578916,
       -0.03473929, -0.13766623,  0.10421791,  0.08056056, -0.13908993,
        0.08280301, -0.05969123,  0.009347  , -0.0672034 ,  0.05521941,
       -0.09216762, -0.02241313,  0.18008146, -0.2522876 ,  0.2364331 ,
        0.19937481,  0.14075968,  0.15219076,  0.03262212,  0.0450605 ,
       -0.00998215, -0.04557842, -0.15559942, -0.04390133, -0.08474416,
       -0.04086702, -0.04273101,  0.05488766], "Sofron Vasile": [-0.16308872,  0.13679262,  0.00422677, -0.01217769, -0.05295916,
        0.07623662, -0.02903953, -0.1030596 ,  0.15415394, -0.03448129,
        0.23732829,  0.00348469, -0.30453146, -0.00446688,  0.00362438,
        0.12099845, -0.12361152, -0.09844381, -0.20192561, -0.11961337,
        0.0513615 ,  0.13720343,  0.04339087, -0.00941062, -0.15269612,
       -0.33668306, -0.05311628, -0.08772126,  0.03534368, -0.10855419,
        0.08722425,  0.00270273, -0.09412809,  0.02526804,  0.02250651,
        0.05216221, -0.12100644, -0.07582859,  0.27840599,  0.01601818,
       -0.1600021 , -0.00290054,  0.03147239,  0.30602762,  0.15413971,
        0.00831195,  0.04308208, -0.10985003,  0.01030445, -0.28800461,
        0.09440277,  0.18047775,  0.04930852,  0.11352074,  0.13756308,
       -0.1385462 , -0.05373501,  0.17450412, -0.19057992,  0.07498071,
        0.03021924, -0.06500219, -0.09805079, -0.13759679,  0.20564544,
        0.1625566 , -0.15072194, -0.14573121,  0.19296855, -0.13776313,
       -0.14657861,  0.09669788, -0.08766238, -0.22893248, -0.28020748,
        0.07276079,  0.41059425,  0.13013479, -0.21933284, -0.01964413,
        0.0028344 , -0.08180458,  0.04033564,  0.09319168, -0.09807855,
       -0.07411607, -0.01811192,  0.03144631,  0.19892818,  0.01238639,
       -0.07083424,  0.26260942,  0.06729474, -0.05005866,  0.05925219,
        0.09899089, -0.04389955, -0.05115747, -0.11223579, -0.03205917,
        0.08856281, -0.11328711,  0.01957251,  0.10914095, -0.14956963,
        0.26379579,  0.0197912 , -0.04311996,  0.05124624,  0.01736416,
       -0.07329535,  0.0037996 ,  0.24491303, -0.3023361 ,  0.1976224 ,
        0.18711475,  0.04093267,  0.1583212 ,  0.03556868,  0.13722581,
       -0.00175775,  0.05981763, -0.23974617, -0.10899094,  0.01259859,
        0.00439924, -0.03097801,  0.09454768], "Crainic Rares": [-0.06849302,  0.04346352, -0.02074626, -0.1010303 , -0.13529779,
       -0.03768098,  0.01608181,  0.0027416 ,  0.12068827, -0.08542254,
        0.27841708, -0.05874084, -0.19819662, -0.01488217, -0.05246729,
        0.06550992, -0.21774004, -0.07594196, -0.08993864, -0.11912861,
        0.0626675 ,  0.08426791, -0.03428039,  0.12212417, -0.18230411,
       -0.20960888,  0.00718468, -0.13290621, -0.04879202, -0.21342692,
        0.067678  ,  0.08424791, -0.15261693, -0.05131578, -0.01622744,
       -0.01310063, -0.09736745, -0.04136303,  0.19598581,  0.03839164,
       -0.11376519,  0.04376697,  0.03443405,  0.37584972,  0.23775606,
        0.00269743, -0.0352204 , -0.11168347,  0.13993062, -0.31457964,
        0.0186085 ,  0.17417018,  0.05876923,  0.04496856, -0.0042651 ,
       -0.09755348, -0.01061973,  0.1302498 , -0.17595264,  0.09334861,
        0.04434687, -0.06681176,  0.0065712 , -0.08832011,  0.15611012,
        0.01949874, -0.12232374, -0.10597514,  0.11256155, -0.19011703,
       -0.17682911,  0.08603301, -0.11415682, -0.25146592, -0.27084979,
        0.06421638,  0.3438952 ,  0.16046385, -0.14686036,  0.01425212,
       -0.06435962, -0.05960752,  0.04876409,  0.10601137, -0.05029345,
       -0.09900552, -0.08569871,  0.119604  ,  0.19724357, -0.04815037,
       -0.05533295,  0.23733883,  0.05120483, -0.06056208,  0.04938375,
        0.03731925, -0.13753074,  0.06172134, -0.14931501,  0.02304886,
        0.00733365, -0.06581868, -0.01224397,  0.14833853, -0.15417843,
        0.22695439, -0.03497345, -0.09079168, -0.05846525, -0.05871388,
       -0.0728587 , -0.01744398,  0.14918816, -0.19093758,  0.13402064,
        0.16864258,  0.18477078,  0.16931137,  0.04792685, -0.00229323,
       -0.00083331,  0.01520938, -0.20527405, -0.01979344,  0.0432791 ,
        0.01426313,  0.05660109, -0.00867137], "Danciu Silvia": [-0.03371383,  0.07598404,  0.04554228, -0.05814942, -0.170413  ,
       -0.00599172, -0.07463142, -0.13449155,  0.15013777, -0.16564515,
        0.12864383, -0.05878753, -0.20742895,  0.1336578 , -0.025527  ,
        0.18361644, -0.21435858, -0.21154611, -0.05588999, -0.07948329,
       -0.04468394,  0.06224764, -0.01774622,  0.02799403, -0.04677467,
       -0.34591293, -0.06365833, -0.07489363,  0.07198156, -0.0610812 ,
       -0.0736836 ,  0.07195712, -0.13238572,  0.01370658,  0.1232122 ,
        0.0436771 , -0.01367713, -0.17451206,  0.20108749,  0.02065966,
       -0.1753691 , -0.0063849 ,  0.10197258,  0.24350581,  0.19617642,
       -0.02815056,  0.01095757, -0.19625625,  0.16262308, -0.28859955,
       -0.01704497,  0.15783104,  0.00528084,  0.13115372,  0.0554577 ,
       -0.15656504,  0.05099234,  0.07324558, -0.21433942,  0.10889418,
        0.06472474, -0.03501011,  0.03218785, -0.11637662,  0.3081958 ,
        0.10803209, -0.12597121, -0.18125056,  0.15822154, -0.18181987,
       -0.14008358,  0.00451413, -0.11047732, -0.18858759, -0.23149315,
       -0.07544583,  0.38116452,  0.17055103, -0.17175055,  0.08876894,
       -0.09452182, -0.11764966,  0.06287494,  0.1650309 ,  0.01018672,
       -0.05089621, -0.03347373,  0.00971101,  0.36104712, -0.06039613,
       -0.0338778 ,  0.25431064, -0.03247527,  0.03746416,  0.0142088 ,
        0.13092805, -0.13427486, -0.03955592, -0.18855131, -0.08668581,
       -0.06378768, -0.04807594, -0.01821463,  0.18287985, -0.22172166,
        0.14350872, -0.04745547, -0.03305407, -0.01762385, -0.01359182,
       -0.04355588, -0.03843552,  0.15952529, -0.28447723,  0.2181284 ,
        0.20715965,  0.11307147,  0.13888048, -0.01876394,  0.01155062,
        0.04261016, -0.06150198, -0.16079268, -0.08745897, -0.01623836,
        0.02261571, -0.07421545,  0.08178968],